Tempo (s),Tens√£o (V),Corrente (A)
0.0,8.0,0.001
0.001,7.9006224039510515,0.0009875778004938814
0.002,7.802479296226661,0.0009753099120283327
0.003,7.7055553417665745,0.0009631944177208218
0.004,7.609835396005712,0.000951229424500714
0.005,7.5153045025078065,0.0009394130628134758
0.006,7.421947890628423,0.0009277434863285529
0.007,7.329750973207021,0.0009162188716508777
0.008,7.238699344287676,0.0009048374180359595
0.009000000000000001,7.1487787768681255,0.0008935973471085157
0.01,7.059975220676764,0.0008824969025845955
0.011,6.972274799977263,0.0008715343499971579
0.012,6.8856638114004625,0.0008607079764250578
0.013000000000000001,6.800128721803185,0.0008500160902253982
0.014,6.715656166153659,0.0008394570207692074
0.015,6.632232945443203,0.0008290291181804004
0.016,6.549846024623855,0.0008187307530779819
0.017,6.468482530571619,0.0008085603163214525
0.018000000000000002,6.3881297500750165,0.000798516218759377
0.019,6.308775127848613,0.0007885968909810767
0.02,6.230406264571239,0.0007788007830714049
0.021,6.153010914948564,0.0007691263643685705
0.022,6.076576985799748,0.0007595721232249684
0.023,6.001092534167855,0.0007501365667709818
0.024,5.926545765453743,0.0007408182206817179
0.025,5.852925031573134,0.0007316156289466418
0.026000000000000002,5.780218829136578,0.0007225273536420723
0.027,5.7084157976520205,0.0007135519747065026
0.028,5.6375047177497075,0.0007046880897187134
0.029,5.567474509429136,0.000695934313678642
0.03,5.498314230327778,0.0006872892787909723
0.031,5.430013074011315,0.0006787516342514144
0.032,5.362560368285115,0.0006703200460356394
0.033,5.295945573526672,0.000661993196690834
0.034,5.230158281038778,0.0006537697851298473
0.035,5.165188211423136,0.000645648526427892
0.036000000000000004,5.101025212974186,0.0006376281516217732
0.037,5.03765926009288,0.00062970740751161
0.038,4.975080451720161,0.0006218850564650201
0.039,4.913279009789902,0.0006141598762237379
0.04,4.852245277701067,0.0006065306597126335
0.041,4.7919697188088435,0.0005989962148511054
0.042,4.732442914934521,0.0005915553643668152
0.043000000000000003,4.6736555648938864,0.0005842069456117358
0.044,4.615598483043894,0.0005769498103804868
0.045,4.558262597847384,0.000569782824730923
0.046,4.5016389504556455,0.0005627048688069557
0.047,4.445718693308571,0.0005557148366635713
0.048,4.390493088752211,0.0005488116360940264
0.049,4.335953507673497,0.0005419941884591871
0.05,4.282091428151922,0.0005352614285189902
0.051000000000000004,4.228898434127978,0.0005286123042659973
0.052000000000000005,4.176366214088128,0.000522045776761016
0.053,4.124486559766113,0.0005155608199707641
0.054,4.073251364860393,0.0005091564206075492
0.055,4.022652623767527,0.0005028315779709409
0.056,3.972682430331276,0.0004965853037914096
0.057,3.923332976607249,0.0004904166220759061
0.058,3.8745965516428997,0.0004843245689553625
0.059000000000000004,3.8264655402726726,0.0004783081925340841
0.06,3.7789324219281175,0.0004723665527410147
0.061,3.731989769462787,0.00046649872118284834
0.062,3.6856302479917264,0.0004607037809989658
0.063,3.639846613745388,0.00045498082671817353
0.064,3.5946317129377725,0.0004493289641172216
0.065,3.549978480648639,0.0004437473100810799
0.066,3.5058799397195934,0.00043823499246494916
0.067,3.462329199663898,0.00043279114995798724
0.068,3.419319455589813,0.00042741493194872667
0.069,3.376843987137324,0.0004221054983921655
0.07,3.3348961574280667,0.00041686201967850833
0.07100000000000001,3.2934694120283075,0.00041168367650353845
0.07200000000000001,3.2525572779247924,0.0004065696597405991
0.073,3.2121533625133334,0.00040151917031416666
0.074,3.172251352599943,0.0003965314190749929
0.075,3.132845013414392,0.000391605626676799
0.076,3.09392818763601,0.0003867410234545012
0.077,3.055494794431591,0.0003819368493039489
0.078,3.0175388285052556,0.00037719235356315693
0.079,2.9800543591601034,0.0003725067948950129
0.08,2.9430355293715387,0.00036787944117144236
0.081,2.90647655487209,0.00036330956935901125
0.082,2.870371723247613,0.0003587964654059516
0.083,2.8347153930447093,0.0003543394241305887
0.084,2.7995019928892426,0.00034993774911115536
0.085,2.764726020615796,0.00034559075257697454
0.08600000000000001,2.7303820424079497,0.00034129775530099374
0.08700000000000001,2.696464691949234,0.00033705808649365425
0.088,2.662968669584637,0.0003328710836980796
0.089,2.6298887414925134,0.0003287360926865642
0.09,2.597219738866798,0.00032465246735834976
0.091,2.5649565571093653,0.00032061956963867067
0.092,2.533094155032426,0.0003166367693790533
0.093,2.5016275540708306,0.00031270344425885383
0.094,2.470551837504159,0.0003088189796880199
0.095,2.4398621496884743,0.0003049827687110593
0.096,2.409553695297617,0.00030119421191220216
0.097,2.379621738573925,0.0002974527173217406
0.098,2.350061602588262,0.0002937577003235328
0.099,2.320868668509242,0.00029010858356365527
0.1,2.2920383748815207,0.0002865047968601901
0.101,2.263566216913063,0.00028294577711413286
0.10200000000000001,2.2354477457712583,0.0002794309682214073
0.10300000000000001,2.207678567887785,0.0002759598209859731
0.10400000000000001,2.1802543442721007,0.0002725317930340126
0.105,2.153170789833471,0.0002691463487291839
0.106,2.1264236727114127,0.0002658029590889266
0.107,2.1000088136144583,0.0002625011017018073
0.108,2.0739220851671325,0.0002592402606458916
0.109,2.0481594112650403,0.00025601992640813
0.11,2.0227167664379717,0.00025283959580474645
0.111,1.9975901752209084,0.00024969877190261357
0.112,1.972775711532852,0.0002465969639416065
0.113,1.9482694980633655,0.0002435336872579207
0.114,1.924067705666737,0.00024050846320834213
0.115,1.900166552763665,0.00023752081909545814
0.116,1.8765623047503812,0.00023457028809379765
0.117,1.85325127341511,0.00023165640917688878
0.11800000000000001,1.8302298163617794,0.00022877872704522243
0.11900000000000001,1.8074943364408866,0.00022593679205511083
0.12,1.7850412811874385,0.00022313016014842982
0.121,1.7628671422658708,0.00022035839278323387
0.122,1.7409684549218631,0.0002176210568652329
0.123,1.7193417974409648,0.00021491772468012062
0.124,1.6979837906139443,0.00021224797382674306
0.125,1.6768910972087825,0.0002096113871510978
0.126,1.6560604214492212,0.00020700755268115265
0.127,1.635488508499792,0.00020443606356247403
0.128,1.615172143957243,0.00020189651799465538
0.129,1.5951081533482812,0.00019938851916853514
0.13,1.5752934016335525,0.00019691167520419407
0.131,1.5557247927177884,0.00019446559908972355
0.132,1.5363992689660326,0.0001920499086207541
0.133,1.517313810725882,0.00018966422634073525
0.134,1.4984654358556562,0.00018730817948195704
0.135,1.4798511992584342,0.0001849813999073043
0.136,1.4614681924218769,0.0001826835240527346
0.137,1.443313542963766,0.00018041419287047076
0.138,1.4253844141831873,0.00017817305177289842
0.139,1.4076780046172919,0.00017595975057716149
0.14,1.3901915476035607,0.00017377394345044508
0.14100000000000001,1.3729223108475097,0.00017161528885593872
0.14200000000000002,1.3558675959957605,0.00016948344949947007
0.14300000000000002,1.3390247382144198,0.00016737809227680247
0.14400000000000002,1.322391105772692,0.0001652988882215865
0.145,1.3059640996316675,0.00016324551245395843
0.146,1.2897411530382141,0.00016121764412977676
0.147,1.2737197311239221,0.00015921496639049028
0.148,1.257897330509021,0.00015723716631362765
0.149,1.2422714789112241,0.00015528393486390302
0.15,1.2268397347594278,0.00015335496684492847
0.151,1.2115996868122125,0.00015144996085152658
0.152,1.1965489537810805,0.00014956861922263507
0.153,1.1816851839583746,0.00014771064799479683
0.154,1.167006054849819,0.00014587575685622736
0.155,1.1525092728116262,0.00014406365910145329
0.156,1.1381925726921087,0.00014227407158651359
0.157,1.124053717477745,0.00014050671468471813
0.158,1.110090497943642,0.00013876131224295523
0.159,1.0963007323083396,0.00013703759153854244
0.16,1.0826822658929016,0.0001353352832366127
0.161,1.0692329707842432,0.0001336541213480304
0.162,1.0559507455026418,0.00013199384318783022
0.163,1.0428335146733732,0.00013035418933417164
0.164,1.0298792287024339,0.00012873490358780425
0.165,1.0170858634562847,0.0001271357329320356
0.166,1.0044514199455776,0.0001255564274931972
0.167,0.9919739240128098,0.00012399674050160122
0.168,0.9796514260238552,0.0001224564282529819
0.169,0.9674820005633331,0.00012093525007041664
0.17,0.955463746133757,0.00011943296826671962
0.171,0.9435947848584199,0.00011794934810730248
0.17200000000000001,0.9318732621879757,0.00011648415777349696
0.17300000000000001,0.920297346610659,0.00011503716832633238
0.17400000000000002,0.9088652293661097,0.00011360815367076371
0.17500000000000002,0.8975751241627499,0.00011219689052034374
0.176,0.8864252668986713,0.00011080315836233391
0.177,0.8754139153859914,0.00010942673942324893
0.178,0.8645393490786345,0.00010806741863482931
0.179,0.8537998688034897,0.00010672498360043621
0.18,0.8431937964949147,0.00010539922456186434
0.181,0.8327194749325335,0.00010408993436656669
0.182,0.8223752674822912,0.0001027969084352864
0.183,0.8121595578407284,0.00010151994473009105
0.184,0.80207074978243,0.00010025884372280376
0.185,0.7921072669106104,9.90134083638263e-05
0.186,0.7822675524108007,9.778344405135009e-05
0.187,0.7725500688075906,9.656875860094882e-05
0.188,0.7629532977243969,9.536916221554961e-05
0.189,0.7534757396462135,9.418446745577669e-05
0.19,0.7441159136853079,9.301448921066349e-05
0.191,0.7348723573498311,9.18590446687289e-05
0.192,0.7257436263153001,9.071795328941252e-05
0.193,0.7167282941989174,8.959103677486468e-05
0.194,0.7078249523366985,8.847811904208732e-05
0.195,0.6990322095633631,8.737902619542039e-05
0.196,0.690348691994964,8.62935864993705e-05
0.197,0.6817730428142147,8.522163035177684e-05
0.198,0.6733039220584829,8.416299025731037e-05
0.199,0.6649400064104202,8.311750080130252e-05
0.2,0.6566799889911904,8.20849986238988e-05
0.201,0.6485225791562659,8.106532239453324e-05
0.202,0.6404665022937643,8.005831278672054e-05
0.203,0.6325104996252852,7.906381245316064e-05
0.20400000000000001,0.624653328009225,7.808166600115313e-05
0.20500000000000002,0.6168937597465337,7.711171996831671e-05
0.20600000000000002,0.6092305823888826,7.615382279861033e-05
0.20700000000000002,0.601662598549219,7.520782481865237e-05
0.20800000000000002,0.594188625714671,7.427357821433387e-05
0.209,0.5868074960617771,7.335093700772214e-05
0.21,0.5795180562740117,7.243975703425146e-05
0.211,0.5723191673615781,7.153989592019726e-05
0.212,0.5652097044834368,7.06512130604296e-05
0.213,0.5581885567715491,6.977356959644364e-05
0.214,0.5512546271573007,6.890682839466258e-05
0.215,0.5444068322000816,6.80508540250102e-05
0.216,0.5376441019179983,6.720551273974979e-05
0.217,0.5309653796206848,6.63706724525856e-05
0.218,0.5243696217441947,6.554620271802433e-05
0.219,0.5178557976879404,6.473197471099256e-05
0.22,0.5114228896536606,6.392786120670758e-05
0.221,0.505069892486387,6.313373656079838e-05
0.222,0.49879581351738744,6.234947668967343e-05
0.223,0.49259967240905767,6.157495905113221e-05
0.224,0.4864805010017438,6.0810062625217975e-05
0.225,0.48043734316246356,6.0054667895307946e-05
0.226,0.47446925463550976,5.930865682943872e-05
0.227,0.46857530289490823,5.857191286186353e-05
0.228,0.46275456699870765,5.7844320874838456e-05
0.229,0.4570061374450821,5.712576718063527e-05
0.23,0.4513291160302188,5.641613950377735e-05
0.231,0.44572261570797117,5.5715326963496396e-05
0.232,0.44018576045125785,5.502322005640723e-05
0.233,0.4347176851151798,5.4339710639397475e-05
0.234,0.42931753530184086,5.366469191273011e-05
0.23500000000000001,0.4239844672268464,5.2998058403355804e-05
0.23600000000000002,0.41871764758745905,5.233970594843238e-05
0.23700000000000002,0.41351625343239495,5.168953167904937e-05
0.23800000000000002,0.40837947203323516,5.104743400415439e-05
0.23900000000000002,0.40330650075743485,5.0413312594679356e-05
0.24,0.39829654694291156,4.9787068367863945e-05
0.241,0.39334882777418867,4.9168603471773584e-05
0.242,0.3884625701600798,4.8557821270009975e-05
0.243,0.3836370106128918,4.7954626326611474e-05
0.244,0.37887139512912743,4.735892439114093e-05
0.245,0.37416497907167184,4.677062238395898e-05
0.246,0.36951702705344097,4.618962838168012e-05
0.247,0.36492681282247524,4.5615851602809405e-05
0.248,0.3603936191484624,4.50492023935578e-05
0.249,0.3559167377106682,4.448959221383352e-05
0.25,0.35149546898725936,4.393693362340742e-05
0.251,0.347129122146003,4.3391140268250376e-05
0.252,0.3428170149363215,4.285212686704019e-05
0.253,0.33855847358269037,4.2319809197836294e-05
0.254,0.33435283267935934,4.1794104084919916e-05
0.255,0.3301994350863804,4.127492938579755e-05
0.256,0.3260976318269297,4.0762203978366214e-05
0.257,0.3220467819859028,4.0255847748237854e-05
0.258,0.31804625260977043,3.9755781576221306e-05
0.259,0.31409541860767853,3.926192732595982e-05
0.26,0.31019366265377607,3.877420783172201e-05
0.261,0.3063403750907572,3.8292546886344646e-05
0.262,0.30253495383460066,3.7816869229325086e-05
0.263,0.29877680428049286,3.7347100535061606e-05
0.264,0.29506533920991995,3.688316740124e-05
0.265,0.2913999786989139,3.6424997337364234e-05
0.266,0.28778015002743723,3.597251875342966e-05
0.267,0.2842052875898957,3.552566094873697e-05
0.268,0.2806748328067602,3.5084354100845025e-05
0.269,0.2771882340372881,3.464852925466101e-05
0.27,0.27374494649332826,3.421811831166603e-05
0.271,0.27034443215419635,3.379305401927454e-05
0.272,0.2669861596826085,3.337326996032607e-05
0.273,0.2636696043416588,3.295870054270735e-05
0.274,0.26039424791282734,3.254928098910342e-05
0.275,0.25715957861500854,3.2144947326876065e-05
0.276,0.2539650910245435,3.174563637806794e-05
0.277,0.250810285996247,3.1351285749530874e-05
0.278,0.24769467058541506,3.0961833823176884e-05
0.279,0.24461775797080065,3.057721974635008e-05
0.28,0.2415790673785479,3.0197383422318488e-05
0.281,0.23857812400706957,2.9822265500883696e-05
0.28200000000000003,0.23561445895285824,2.945180736910728e-05
0.28300000000000003,0.2326876091372197,2.9085951142152462e-05
0.28400000000000003,0.22979711723391538,2.8724639654239422e-05
0.28500000000000003,0.22694253159770472,2.8367816449713092e-05
0.28600000000000003,0.22412340619377447,2.801542577422181e-05
0.28700000000000003,0.2213393005280445,2.7667412566005564e-05
0.28800000000000003,0.21858977957834036,2.7323722447292547e-05
0.289,0.21587441372641988,2.6984301715802486e-05
0.29,0.213192778690844,2.66490973363555e-05
0.291,0.2105444554606825,2.6318056932585316e-05
0.292,0.20792903023004278,2.599112877875535e-05
0.293,0.20534609433341147,2.5668261791676433e-05
0.294,0.20279524418179956,2.5349405522724945e-05
0.295,0.20027608119968127,2.503451014996016e-05
0.296,0.1977882117627152,2.47235264703394e-05
0.297,0.19533124713624028,2.4416405892030037e-05
0.298,0.192904803414535,2.4113100426816874e-05
0.299,0.19050850146083104,2.381356268260388e-05
0.3,0.18814196684807286,2.3517745856009108e-05
0.301,0.1858048298004126,2.3225603725051575e-05
0.302,0.18349672513543144,2.293709064192893e-05
0.303,0.18121729220707977,2.2652161525884972e-05
0.304,0.1789661748493248,2.2370771856165602e-05
0.305,0.17674302132049954,2.2092877665062444e-05
0.306,0.17454748424834218,2.1818435531042773e-05
0.307,0.17237922057571817,2.1547402571964773e-05
0.308,0.17023789150701735,2.127973643837717e-05
0.309,0.16812316245521625,2.101539530690203e-05
0.31,0.16603470298959794,2.0754337873699743e-05
0.311,0.16397218678412206,2.049652334801526e-05
0.312,0.16193529156643513,2.024191144580439e-05
0.313,0.15992369906751536,1.999046238343942e-05
0.314,0.15793709497194225,1.9742136871492782e-05
0.315,0.15597516886878396,1.9496896108597995e-05
0.316,0.15403761420309536,1.925470177538692e-05
0.317,0.15212412822801805,1.9015516028502257e-05
0.318,0.1502344119574752,1.87793014946844e-05
0.319,0.14836817011945508,1.8546021264931884e-05
0.32,0.14652511110987343,1.831563888873418e-05
0.321,0.1447049469470104,1.80881183683763e-05
0.322,0.14290739322651227,1.7863424153314036e-05
0.323,0.1411321690769533,1.7641521134619164e-05
0.324,0.13937899711594812,1.7422374639493514e-05
0.325,0.13764760340681106,1.7205950425851382e-05
0.326,0.13593771741575253,1.6992214676969065e-05
0.327,0.13424907196960767,1.678113399620096e-05
0.328,0.13258140321409004,1.6572675401761255e-05
0.329,0.13093445057256342,1.6366806321570428e-05
0.33,0.129307956705327,1.6163494588165874e-05
0.331,0.12770166746940487,1.5962708433675608e-05
0.332,0.1261153318788359,1.5764416484854488e-05
0.333,0.12454870206545661,1.5568587758182078e-05
0.334,0.12300153324017146,1.5375191655021434e-05
0.335,0.12147358365470357,1.5184197956837946e-05
0.336,0.11996461456382163,1.4995576820477704e-05
0.337,0.1184743901880352,1.4809298773504399e-05
0.338,0.11700267767675367,1.4625334709594208e-05
0.339,0.11554924707190303,1.4443655883987879e-05
0.34,0.11411387127199404,1.4264233908999255e-05
0.341,0.11269632599663779,1.4087040749579723e-05
0.342,0.11129638975150095,1.391204871893762e-05
0.343,0.10991384379369705,1.3739230474212132e-05
0.34400000000000003,0.10854847209760747,1.3568559012200934e-05
0.34500000000000003,0.10720006132112662,1.340000766514083e-05
0.34600000000000003,0.10586840077232743,1.3233550096540929e-05
0.34700000000000003,0.10455328237653984,1.306916029706748e-05
0.34800000000000003,0.1032545006438389,1.2906812580479862e-05
0.34900000000000003,0.10197185263693646,1.2746481579617058e-05
0.35000000000000003,0.10070513793947199,1.2588142242433998e-05
0.35100000000000003,0.09945415862469666,1.2431769828087082e-05
0.352,0.09821871922454758,1.2277339903068448e-05
0.353,0.09699862669910479,1.21248283373881e-05
0.354,0.09579369040642897,1.1974211300803622e-05
0.355,0.09460372207277294,1.1825465259096618e-05
0.356,0.09342853576316362,1.1678566970395453e-05
0.357,0.09226794785234906,1.1533493481543633e-05
0.358,0.09112177699610702,1.1390222124513377e-05
0.359,0.08998984410290932,1.1248730512863665e-05
0.36,0.08887197230593845,1.1108996538242306e-05
0.361,0.08776798693545182,1.0970998366931478e-05
0.362,0.0866777154914893,1.0834714436436162e-05
0.363,0.08560098761691942,1.0700123452114927e-05
0.364,0.08453763507082124,1.0567204383852655e-05
0.365,0.08348749170219603,1.0435936462774504e-05
0.366,0.08245039342400592,1.030629917800074e-05
0.367,0.08142617818753502,1.0178272273441877e-05
0.368,0.08041468595706869,1.0051835744633586e-05
0.369,0.0794157586848881,9.926969835611011e-06
0.37,0.07842924028657462,9.803655035821827e-06
0.371,0.07745497661662147,9.681872077077684e-06
0.372,0.0764928154443481,9.561601930543514e-06
0.373,0.07554260643011369,9.442825803764211e-06
0.374,0.07460420110182661,9.325525137728327e-06
0.375,0.07367745283174512,9.20968160396814e-06
0.376,0.07276221681356652,9.095277101695815e-06
0.377,0.07185835003980093,8.982293754975116e-06
0.378,0.07096571127942607,8.87071390992826e-06
0.379,0.07008416105581942,8.760520131977428e-06
0.38,0.06921356162496507,8.651695203120634e-06
0.381,0.06835377695393072,8.54422211924134e-06
0.382,0.06750467269961224,8.438084087451531e-06
0.383,0.06666611618774247,8.333264523467808e-06
0.384,0.06583797639216024,8.22974704902003e-06
0.385,0.06502012391433769,8.127515489292211e-06
0.386,0.06421243096316123,8.026553870395155e-06
0.387,0.06341477133496395,7.926846416870495e-06
0.388,0.06262702039380619,7.828377549225773e-06
0.389,0.061849055052000564,7.73113188150007e-06
0.39,0.06108075375087969,7.635094218859962e-06
0.391,0.06032199644180215,7.540249555225269e-06
0.392,0.059572664567394705,7.446583070924338e-06
0.393,0.058832641043027434,7.354080130378429e-06
0.394,0.05810181023851913,7.2627262798148915e-06
0.395,0.05738005796006959,7.172507245008699e-06
0.396,0.05666727143241695,7.083408929052118e-06
0.397,0.055963339281216086,6.995417410152011e-06
0.398,0.0552681515156362,6.908518939454526e-06
0.399,0.05458159951117462,6.822699938896828e-06
0.4,0.053903575992683736,6.7379469990854676e-06
0.401,0.05323397501760939,6.654246877201174e-06
0.402,0.0525726919594369,6.571586494929613e-06
0.403,0.051919623491343055,6.489952936417882e-06
0.404,0.051274667570051065,6.4093334462563835e-06
0.405,0.050637723419885976,6.329715427485747e-06
0.406,0.05000869151702849,6.251086439628562e-06
0.40700000000000003,0.04938747357396401,6.173434196745502e-06
0.40800000000000003,0.04877397252412506,6.096746565515633e-06
0.40900000000000003,0.04816809250672443,6.021011563340554e-06
0.41000000000000003,0.047569738851776754,5.9462173564720944e-06
0.41100000000000003,0.046978818065306016,5.872352258163252e-06
0.41200000000000003,0.04639523781473713,5.799404726842142e-06
0.41300000000000003,0.04581890691446864,5.72736336430858e-06
0.41400000000000003,0.04524973531162483,5.6562169139531035e-06
0.41500000000000004,0.0446876340719848,5.5859542589981e-06
0.41600000000000004,0.04413251536608617,5.516564420760772e-06
0.417,0.043584292455501834,5.448036556937729e-06
0.418,0.043042879679286564,5.380359959910821e-06
0.419,0.042508192440592604,5.313524055074075e-06
0.42,0.04198014719345108,5.247518399181385e-06
0.421,0.04145866142971783,5.1823326787147294e-06
0.422,0.040943653666181246,5.117956708272656e-06
0.423,0.04043504343183051,5.054380428978814e-06
0.424,0.039932751255281736,4.991593906910217e-06
0.425,0.039436698652360415,4.929587331545052e-06
0.426,0.038946808113838105,4.868351014229763e-06
0.427,0.03846300309332152,4.80787538666519e-06
0.428,0.03798520799529182,4.748150999411478e-06
0.429,0.03751334816329289,4.6891685204116115e-06
0.43,0.037047349868265966,4.630918733533246e-06
0.431,0.036587140297029384,4.573392537128673e-06
0.432,0.03613264754090136,4.5165809426126706e-06
0.433,0.035683800584464014,4.460475073058002e-06
0.434,0.03524052929446725,4.4050661618084065e-06
0.435,0.03480276440887015,4.3503455511087695e-06
0.436,0.03437043752601872,4.29630469075234e-06
0.437,0.03394348109395796,4.2429351367447444e-06
0.438,0.033521828399876635,4.1902285499845795e-06
0.439,0.033105413559683494,4.138176694960437e-06
0.44,0.03269417150771253,4.086771438464067e-06
0.441,0.03228803798655647,4.036004748319558e-06
0.442,0.031886949537026324,3.9858686921282905e-06
0.443,0.031490843488235866,3.936355436029483e-06
0.444,0.031099657947809042,3.88745724347613e-06
0.445,0.03071333179220931,3.839166474026164e-06
0.446,0.030331804657188863,3.791475582148608e-06
0.447,0.029955016928356643,3.7443771160445803e-06
0.448,0.029582909731863456,3.697863716482932e-06
0.449,0.029215424925202748,3.6519281156503436e-06
0.45,0.028852505088125844,3.6065631360157307e-06
0.451,0.028494093513669837,3.56176168920873e-06
0.452,0.028140134199297027,3.5175167749121286e-06
0.453,0.02779057183814443,3.4738214797680537e-06
0.454,0.027445351810381876,3.4306689762977348e-06
0.455,0.027104420174677693,3.388052521834712e-06
0.456,0.026767723659770176,3.345965457471272e-06
0.457,0.026435209656143856,3.304401207017982e-06
0.458,0.026106826207809162,3.2633532759761453e-06
0.459,0.02578252200418421,3.2228152505230263e-06
0.46,0.025462246372077335,3.182780796509667e-06
0.461,0.025145949267769443,3.1432436584711803e-06
0.462,0.02483358126919447,3.104197658649309e-06
0.463,0.024525093568217124,3.0656366960271407e-06
0.464,0.024220437963006523,3.0275547453758155e-06
0.465,0.023919566850504483,2.9899458563130603e-06
0.466,0.023622433218987573,2.952804152373447e-06
0.467,0.02332899064072134,2.9161238300901677e-06
0.468,0.023039193264705923,2.8798991580882404e-06
0.46900000000000003,0.02275299580951174,2.8441244761889674e-06
0.47000000000000003,0.022470353556204102,2.808794194525513e-06
0.47100000000000003,0.02219122234135591,2.7739027926694887e-06
0.47200000000000003,0.021915558550146947,2.7394448187683683e-06
0.47300000000000003,0.021643319109548993,2.705414888693624e-06
0.47400000000000003,0.021374461481595584,2.671807685199448e-06
0.47500000000000003,0.021108943656735372,2.6386179570919216e-06
0.47600000000000003,0.020846724147267987,2.6058405184084985e-06
0.47700000000000004,0.0205877619808616,2.5734702476077e-06
0.47800000000000004,0.02033201669415085,2.5415020867688563e-06
0.47900000000000004,0.02007944832641437,2.5099310408017966e-06
0.48,0.019830017413330868,2.4787521766663587e-06
0.481,0.01958368498081268,2.4479606226015854e-06
0.482,0.019340412538916045,2.4175515673645055e-06
0.483,0.019100162075826987,2.3875202594783736e-06
0.484,0.018862896051921863,2.357862006490233e-06
0.485,0.01862857739390171,2.328572174237714e-06
0.486,0.018397169488999505,2.2996461861249382e-06
0.487,0.018168636179259273,2.271079522407409e-06
0.488,0.017942941755886427,2.2428677194858035e-06
0.489,0.017720050953668135,2.2150063692085167e-06
0.49,0.01749992894546308,2.187491118182885e-06
0.491,0.017282541336759636,2.1603176670949546e-06
0.492,0.01706785416030168,2.13348177003771e-06
0.493,0.016855833870781073,2.106979233847634e-06
0.494,0.016646447339596235,2.0808059174495295e-06
0.495,0.01643966184967567,2.054957731209459e-06
0.496,0.016235445090365872,2.029430636295734e-06
0.497,0.016033765152382726,2.004220644047841e-06
0.498,0.015834590522825574,1.9793238153531966e-06
0.499,0.015637890080253337,1.954736260031667e-06
0.5,0.015443633089821674,1.930454136227709e-06
0.501,0.015251789198480612,1.9064736498100766e-06
0.502,0.015062328430231833,1.8827910537789792e-06
0.503,0.014875221181444808,1.859402647680601e-06
0.504,0.014690438216231257,1.836304777028907e-06
0.505,0.014507950661876922,1.8134938327346153e-06
0.506,0.014327730004330158,1.7909662505412698e-06
0.507,0.014149748083746565,1.7687185104683206e-06
0.508,0.013973977090088957,1.7467471362611198e-06
0.509,0.013800389558781939,1.7250486948477424e-06
0.51,0.013628958366420592,1.703619795802574e-06
0.511,0.01345965672653233,1.6824570908165412e-06
0.512,0.013292458185391471,1.661557273173934e-06
0.513,0.013127336617885808,1.6409170772357261e-06
0.514,0.012964266223434454,1.6205332779293066e-06
0.515,0.012803221521956515,1.6004026902445644e-06
0.516,0.012644177349889736,1.580522168736217e-06
0.517,0.012487108856258658,1.5608886070323323e-06
0.518,0.012331991498791602,1.5414989373489503e-06
0.519,0.012178801040085853,1.5223501300107317e-06
0.52,0.012027513543820579,1.5034391929775723e-06
0.521,0.011878105371016695,1.4847631713770869e-06
0.522,0.011730553176343224,1.466319147042903e-06
0.523,0.011584833904469554,1.4481042380586944e-06
0.524,0.011440924786462995,1.4301155983078744e-06
0.525,0.011298803336231053,1.4123504170288818e-06
0.526,0.01115844734700799,1.3948059183759988e-06
0.527,0.011019834887884937,1.377479360985617e-06
0.528,0.010882944300383142,1.3603680375478928e-06
0.529,0.010747754195069814,1.3434692743837267e-06
0.53,0.010614243448215932,1.3267804310269916e-06
0.531,0.01048239119849568,1.3102988998119602e-06
0.532,0.010352176843726784,1.294022105465848e-06
0.533,0.010223580037651387,1.2779475047064234e-06
0.534,0.010096580686756916,1.2620725858446146e-06
0.535,0.009971158947136396,1.2463948683920495e-06
0.536,0.009847295221387848,1.230911902673481e-06
0.537,0.009724970155552118,1.2156212694440147e-06
0.538,0.0096041646360888,1.2005205795111e-06
0.539,0.009484859786889694,1.1856074733612117e-06
0.54,0.009367036966329395,1.1708796207911744e-06
0.541,0.009250677764352462,1.1563347205440577e-06
0.542,0.00913576399959686,1.1419704999496074e-06
0.543,0.00902227771655305,1.1277847145691312e-06
0.544,0.008910201182758419,1.1137751478448025e-06
0.545,0.008799516886026546,1.0999396107533182e-06
0.546,0.008690207531710863,1.0862759414638579e-06
0.547,0.008582256040002375,1.0727820050002969e-06
0.548,0.008475645543260872,1.0594556929076091e-06
0.549,0.00837035938337934,1.0462949229224174e-06
0.55,0.008266381109181096,1.033297638647637e-06
0.551,0.008163694473849237,1.0204618092311545e-06
0.552,0.008062283432388084,1.0077854290485105e-06
0.553,0.007962132139116083,9.952665173895104e-07
0.554,0.007863224945189902,9.829031181487377e-07
0.555,0.007765546396159264,9.70693299519908e-07
0.556,0.007669081229552159,9.586351536940198e-07
0.557,0.007573814372490032,9.46726796561254e-07
0.558,0.007479730939332651,9.349663674165814e-07
0.559,0.007386816229352172,9.233520286690215e-07
0.56,0.007295055724436123,9.118819655545154e-07
0.561,0.00720443508681893,9.005543858523663e-07
0.562,0.007114940156841584,8.893675196051981e-07
0.5630000000000001,0.0070265569507392015,8.783196188424002e-07
0.5640000000000001,0.006939271658456014,8.674089573070017e-07
0.5650000000000001,0.006853070641487518,8.566338301859397e-07
0.5660000000000001,0.0067679404307494405,8.459925538436801e-07
0.5670000000000001,0.006683867724473144,8.35483465559143e-07
0.5680000000000001,0.006600839386127231,8.251049232659039e-07
0.5690000000000001,0.006518842442364912,8.14855305295614e-07
0.5700000000000001,0.006437864080996901,8.047330101246126e-07
0.5710000000000001,0.006357891648989481,7.947364561236851e-07
0.5720000000000001,0.006278912650487453,7.848640813109316e-07
0.5730000000000001,0.006200914744861605,7.751143431077006e-07
0.5740000000000001,0.006123885744780501,7.654857180975626e-07
0.5750000000000001,0.006047813614306161,7.559767017882701e-07
0.5760000000000001,0.005972686467013428,7.465858083766786e-07
0.577,0.005898492564132702,7.373115705165878e-07
0.578,0.005825220312715688,7.28152539089461e-07
0.579,0.005752858263824044,7.191072829780055e-07
0.58,0.005681395110740397,7.101743888425496e-07
0.581,0.005610819687201693,7.013524609002116e-07
0.582,0.005541120965654414,6.926401207068018e-07
0.583,0.005472288055531518,6.840360069414398e-07
0.584,0.005404310201550755,6.755387751938444e-07
0.585,0.005337176782034143,6.671470977542679e-07
0.586,0.00527087730724829,6.588596634060363e-07
0.587,0.005205401417765378,6.506751772206722e-07
0.588,0.005140738882844463,6.425923603555579e-07
0.589,0.005076879598832907,6.346099498541134e-07
0.59,0.005013813587587665,6.267266984484581e-07
0.591,0.0049515309949161625,6.189413743645203e-07
0.592,0.004890022089036583,6.112527611295729e-07
0.593,0.004829277259057243,6.036596573821555e-07
0.594,0.004769287013474872,5.96160876684359e-07
0.595,0.0047100419786915496,5.887552473364437e-07
0.596,0.004651532897550049,5.814416121937562e-07
0.597,0.004593750627887408,5.742188284859259e-07
0.598,0.004536686141106432,5.67085767638304e-07
0.599,0.0044803305207649635,5.600413150956205e-07
0.6,0.004424674961182669,5.530843701478336e-07
0.601,0.004369710766065133,5.462138457581416e-07
0.602,0.0043154293471450375,5.394286683931297e-07
0.603,0.004261822222840242,5.327277778550303e-07
0.604,0.00420888101692851,5.261101271160638e-07
0.605,0.0041565974572387076,5.195746821548385e-07
0.606,0.004104963374358266,5.131204217947833e-07
0.607,0.004053970700356678,5.067463375445847e-07
0.608,0.004003611467524887,5.004514334406109e-07
0.609,0.003953877807130308,4.942347258912884e-07
0.61,0.00390476194818732,4.88095243523415e-07
0.611,0.0038562562162430397,4.820320270303799e-07
0.612,0.003808353032178158,4.760441290222698e-07
0.613,0.0037610449110227085,4.7013061387783857e-07
0.614,0.003714324460786512,4.64290557598314e-07
0.615,0.003668184381304165,4.5852304766302065e-07
0.616,0.0036226174630943756,4.5282718288679697e-07
0.617,0.003577616586233471,4.472020732791839e-07
0.618,0.0035331747192428793,4.416468399053599e-07
0.619,0.0034892849179904693,4.361606147488087e-07
0.62,0.0034459403246055002,4.3074254057568754e-07
0.621,0.003403134166407071,4.2539177080088393e-07
0.622,0.0033608597548458762,4.201074693557345e-07
0.623,0.003319110484459096,4.1488881055738696e-07
0.624,0.0032778798318382945,4.0973497897978684e-07
0.625,0.003237161354610116,4.046451693262645e-07
0.626,0.0031969486904296516,3.9961858630370645e-07
0.627,0.003157235555986312,3.94654444498289e-07
0.628,0.0031180157460220384,3.897519682527548e-07
0.629,0.003079283132361733,3.8491039154521664e-07
0.63,0.0030410316629557095,3.801289578694637e-07
0.631,0.0030032553609340494,3.754069201167562e-07
0.632,0.0029659483236727058,3.7074354045908823e-07
0.633,0.002929104721871208,3.66138090233901e-07
0.634,0.0028927187986418092,3.6158984983022615e-07
0.635,0.0028567848686099806,3.570981085762476e-07
0.636,0.002821297317026046,3.5266216462825577e-07
0.637,0.002786250598887871,3.482813248609839e-07
0.638,0.0027516392380744453,3.4395490475930565e-07
0.639,0.00271745782649022,3.396822283112775e-07
0.64,0.002683701023220095,3.3546262790251187e-07
0.641,0.0026503635536948822,3.312954442118603e-07
0.642,0.0026174402088671362,3.2718002610839204e-07
0.643,0.0025849258443972536,3.231157305496567e-07
0.644,0.002552815379849626,3.1910192248120326e-07
0.645,0.002521103797898848,3.15137974737356e-07
0.646,0.0024897861435457173,3.1122326794321465e-07
0.647,0.00245885752334302,3.073571904178775e-07
0.648,0.002428313104630934,3.035391380788668e-07
0.649,0.0023981481147818838,2.9976851434773545e-07
0.65,0.002368357840454843,2.960447300568554e-07
0.651,0.0023389376268588345,2.9236720335735434e-07
0.652,0.002309882877025624,2.88735359628203e-07
0.653,0.002281189051091446,2.8514863138643077e-07
0.654,0.0022528516655876125,2.8160645819845157e-07
0.655,0.002224866292739993,2.7810828659249915e-07
0.656,0.0021972285597771403,2.7465356997214254e-07
0.657,0.0021699341482470445,2.712417685308806e-07
0.658,0.002142978793342382,2.678723491677978e-07
0.659,0.0021163582832340994,2.645447854042624e-07
0.66,0.0020900684584133403,2.6125855730166756e-07
0.661,0.0020641052110414817,2.580131513801852e-07
0.662,0.0020384644843083072,2.548080605385384e-07
0.663,0.0020131422717980935,2.516427839747617e-07
0.664,0.001988134616863615,2.4851682710795184e-07
0.665,0.001963437612007916,2.4542970150098946e-07
0.666,0.0019390473982737343,2.4238092478421677e-07
0.667,0.0019149601646405593,2.393700205800699e-07
0.668,0.0018911721474291258,2.3639651842864073e-07
0.669,0.0018676796297133445,2.3345995371416806e-07
0.67,0.001844478940739533,2.3055986759244162e-07
0.671,0.0018215664553528303,2.276958069191038e-07
0.672,0.0017989385934307856,2.248673241788482e-07
0.673,0.0017765918193239332,2.2207397741549166e-07
0.674,0.0017545226413033512,2.193153301629189e-07
0.675,0.0017327276110150802,2.1659095137688502e-07
0.676,0.0017112033229412888,2.139004153676611e-07
0.677,0.0016899464138681803,2.1124330173352255e-07
0.678,0.0016689535623604613,2.0861919529505767e-07
0.679,0.0016482214882423706,2.0602768603029633e-07
0.68,0.0016277469520851533,2.0346836901064418e-07
0.681,0.0016075267547008734,2.0094084433760916e-07
0.682,0.001587557736642557,1.9844471708031961e-07
0.683,0.0015678367777105023,1.959795972138128e-07
0.684,0.0015483607964647506,1.9354509955809383e-07
0.685,0.001529126749743614,1.9114084371795176e-07
0.686,0.0015101316321881545,1.8876645402351932e-07
0.687,0.001491372475772614,1.8642155947157674e-07
0.6880000000000001,0.0014728463493406336,1.841057936675792e-07
0.6890000000000001,0.0014545503581472642,1.8181879476840803e-07
0.6900000000000001,0.0014364816434066638,1.7956020542583298e-07
0.6910000000000001,0.0014186373818453875,1.7732967273067345e-07
0.6920000000000001,0.0014010147852612674,1.7512684815765844e-07
0.6930000000000001,0.0013836111000877286,1.7295138751096606e-07
0.6940000000000001,0.0013664236069635596,1.7080295087044494e-07
0.6950000000000001,0.0013494496203079892,1.6868120253849865e-07
0.6960000000000001,0.001332686487901066,1.6658581098763325e-07
0.6970000000000001,0.0013161315904692513,1.6451644880865642e-07
0.6980000000000001,0.0012997823412761358,1.6247279265951697e-07
0.6990000000000001,0.0012836361857182746,1.6045452321478432e-07
0.7000000000000001,0.00126769060092601,1.5846132511575125e-07
0.7010000000000001,0.0012519430953692745,1.5649288692115932e-07
0.7020000000000001,0.0012363912084682905,1.545489010585363e-07
0.7030000000000001,0.0012210325102090852,1.5262906377613565e-07
0.704,0.0012058646007638142,1.5073307509547677e-07
0.705,0.0011908851101157588,1.4886063876446985e-07
0.706,0.0011760916976890357,1.4701146221112945e-07
0.707,0.0011614820519828535,1.4518525649785668e-07
0.708,0.0011470538902103454,1.4338173627629318e-07
0.709,0.0011328049579418839,1.416006197427355e-07
0.71,0.0011187330287528083,1.3984162859410104e-07
0.711,0.0011048359038755573,1.3810448798444466e-07
0.712,0.0010911114118560931,1.3638892648201166e-07
0.713,0.001077557408214613,1.3469467602682664e-07
0.714,0.0010641717751104756,1.3302147188880946e-07
0.715,0.0010509524210112718,1.3136905262640897e-07
0.716,0.0010378972803660323,1.2973716004575404e-07
0.717,0.0010250043132824683,1.2812553916030854e-07
0.718,0.0010122715052082404,1.2653393815103005e-07
0.719,0.0009996968666161853,1.2496210832702317e-07
0.72,0.0009872784326934365,1.2340980408667958e-07
0.721,0.0009750142630344312,1.218767828793039e-07
0.722,0.0009629024413377053,1.2036280516721316e-07
0.723,0.0009509410751064803,1.1886763438831005e-07
0.724,0.0009391282953529455,1.1739103691911818e-07
0.725,0.000927462256306229,1.1593278203827864e-07
0.726,0.0009159411351239989,1.1449264189049986e-07
0.727,0.0009045631316076269,1.1307039145095336e-07
0.728,0.0008933264679209182,1.1166580849011478e-07
0.729,0.000882229388312309,1.1027867353903862e-07
0.73,0.0008712701588405316,1.0890876985506645e-07
0.731,0.0008604470671036875,1.0755588338796094e-07
0.732,0.00084975842197167,1.0621980274645875e-07
0.733,0.000839202553321934,1.0490031916524175e-07
0.734,0.0008287778117785254,1.0359722647231568e-07
0.735,0.0008184825684543673,1.0231032105679591e-07
0.736,0.0008083152146967473,1.0103940183709342e-07
0.737,0.0007982741618359525,9.978427022949406e-08
0.738,0.0007883578409370473,9.85447301171309e-08
0.739,0.0007785647025547149,9.732058781933936e-08
0.74,0.0007688932164911576,9.61116520613947e-08
0.741,0.0007593418715570037,9.491773394462546e-08
0.742,0.0007499091753351724,9.373864691689655e-08
0.743,0.0007405936539476905,9.257420674346132e-08
0.744,0.0007313938518253875,9.142423147817343e-08
0.745,0.0007223083314804633,9.02885414350579e-08
0.746,0.0007133356732818818,8.916695916023522e-08
0.747,0.000704474475233542,8.805930940419276e-08
0.748,0.0006957233527552233,8.696541909440292e-08
0.749,0.0006870809384662327,8.588511730827909e-08
0.75,0.0006785458819717532,8.481823524646916e-08
0.751,0.0006701168496518454,8.376460620648068e-08
0.752,0.0006617925244530578,8.272406555663223e-08
0.753,0.0006535716056826446,8.169645071033057e-08
0.754,0.0006454528088053198,8.068160110066498e-08
0.755,0.000637434865242556,7.96793581553195e-08
0.756,0.0006295165221743576,7.86895652717947e-08
0.757,0.0006216965423435091,7.771206779293864e-08
0.758,0.0006139737038622545,7.674671298278182e-08
0.759,0.0006063468000213663,7.57933500026708e-08
0.76,0.0005988146391016048,7.48518298877006e-08
0.761,0.0005913760441875007,7.392200552343759e-08
0.762,0.0005840298529834637,7.300373162293296e-08
0.763,0.0005767749176321744,7.209686470402181e-08
0.764,0.0005696101045352219,7.120126306690273e-08
0.765,0.0005625342941759846,7.031678677199808e-08
0.766,0.0005555463809446973,6.944329761808717e-08
0.767,0.0005486452729656996,6.858065912071244e-08
0.768,0.0005418298919268312,6.77287364908539e-08
0.769,0.0005350991729109368,6.68873966138671e-08
0.77,0.0005284520642294785,6.605650802868482e-08
0.771,0.0005218875272582002,6.523594090727503e-08
0.772,0.0005154045362748433,6.442556703435542e-08
0.773,0.000509002078298879,6.362525978735988e-08
0.774,0.0005026791529332209,6.283489411665262e-08
0.775,0.0004964347722079181,6.205434652598976e-08
0.776,0.0004902679604257771,6.128349505322214e-08
0.777,0.00048417775400990976,6.052221925123872e-08
0.778,0.00047816320135317457,5.977040016914682e-08
0.779,0.0004722233626694806,5.902792033368508e-08
0.78,0.0004663573098469505,5.829466373086881e-08
0.781,0.00046056412630289523,5.7570515787861906e-08
0.782,0.000454842906840599,5.6855363355074877e-08
0.783,0.0004491927575078825,5.614909468848531e-08
0.784,0.00044361279545741556,5.545159943217695e-08
0.785,0.0004381021488087769,5.4762768601097114e-08
0.786,0.00043265995651221455,5.408249456402682e-08
0.787,0.0004272853682141115,5.341067102676394e-08
0.788,0.0004219775441241108,5.274719301551385e-08
0.789,0.0004167356548838987,5.209195686048734e-08
0.79,0.0004115588814376182,5.144486017970228e-08
0.791,0.00040644641490388466,5.0805801862985586e-08
0.792,0.00040139745644940226,5.017468205617529e-08
0.793,0.00039641121716413953,4.955140214551744e-08
0.794,0.0003914869179380629,4.893586474225786e-08
0.795,0.0003866237893394011,4.832797366742514e-08
0.796,0.00038182107149441506,4.7727633936801884e-08
0.797,0.00037707801396867174,4.7134751746083966e-08
0.798,0.00037239387564978223,4.654923445622278e-08
0.799,0.0003677679246316035,4.597099057895044e-08
0.8,0.00036319943809987883,4.5399929762484855e-08
0.801,0.00035868770221929156,4.4835962777411444e-08
0.802,0.00035423201202193255,4.427900150274157e-08
0.803,0.00034983167129714254,4.3728958912142815e-08
0.804,0.0003454859924827302,4.3185749060341274e-08
0.805,0.0003411942965575406,4.2649287069692576e-08
0.806,0.00033695591293535264,4.211948911691908e-08
0.807,0.0003327701793601036,4.159627242001295e-08
0.808,0.0003286364418024058,4.107955522530073e-08
0.809,0.00032455405435735505,4.0569256794669383e-08
0.81,0.00032052237914360855,4.006529739295107e-08
0.811,0.0003165407862037105,3.9567598275463815e-08
0.812,0.0003126086534056646,3.907608167570808e-08
0.8130000000000001,0.0003087253663457206,3.859067079321508e-08
0.8140000000000001,0.0003048903182523742,3.811128978154678e-08
0.8150000000000001,0.00030110290989155943,3.763786373644493e-08
0.8160000000000001,0.00029736254947301333,3.7170318684126664e-08
0.8170000000000001,0.0002936686525578117,3.670858156972646e-08
0.8180000000000001,0.0002900206419670452,3.6252580245880654e-08
0.8190000000000001,0.00028641794769163824,3.580224346145478e-08
0.8200000000000001,0.00028286000680327985,3.535750085040998e-08
0.8210000000000001,0.0002793462633664672,3.49182829208084e-08
0.8220000000000001,0.00027587616835164034,3.4484521043955045e-08
0.8230000000000001,0.00027244917954939246,3.405614744367406e-08
0.8240000000000001,0.00026906476148575174,3.363309518571897e-08
0.8250000000000001,0.0002657223853385097,3.3215298167313716e-08
0.8260000000000001,0.00026242152885459275,3.280269110682409e-08
0.8270000000000001,0.00025916167626846055,3.239520953355757e-08
0.8280000000000001,0.0002559423182215133,3.199278977768917e-08
0.8290000000000001,0.0002527629516825074,3.1595368960313424e-08
0.8300000000000001,0.00024962307986895203,3.1202884983619e-08
0.8310000000000001,0.0002465222121694879,3.0815276521185993e-08
0.8320000000000001,0.000243459864067229,3.043248300840363e-08
0.833,0.00024043555706405355,3.0054444633006695e-08
0.834,0.00023744881860583928,2.968110232572991e-08
0.835,0.00023449918200862515,2.9312397751078145e-08
0.836,0.00023158618638569257,2.894827329821157e-08
0.837,0.00022870937657554848,2.858867207194356e-08
0.838,0.00022586830307080679,2.823353788385085e-08
0.839,0.00022306252194795293,2.7882815243494116e-08
0.84,0.00022029159479797726,2.753644934974716e-08
0.841,0.0002175550886578759,2.719438608223449e-08
0.842,0.0002148525759429966,2.6856571992874576e-08
0.843,0.000212183634380229,2.6522954297528625e-08
0.844,0.00020954784694202463,2.619348086775308e-08
0.845,0.00020694480178123296,2.586810022265412e-08
0.846,0.00020437409216675248,2.554676152084406e-08
0.847,0.000201835316419975,2.5229414552496877e-08
0.848,0.00019932807785202563,2.4916009731503204e-08
0.849,0.00019685198470177677,2.4606498087722096e-08
0.85,0.0001944066500746357,2.4300831259329463e-08
0.851,0.00019199169188209252,2.3998961485261565e-08
0.852,0.00018960673278201574,2.370084159775197e-08
0.853,0.00018725140011969436,2.3406425014961796e-08
0.854,0.00018492532586960762,2.3115665733700954e-08
0.855,0.00018262814657792116,2.2828518322240146e-08
0.856,0.00018035950330569768,2.254493791321221e-08
0.857,0.00017811904157280967,2.226488019660121e-08
0.858,0.0001759064113025537,2.1988301412819213e-08
0.859,0.00017372126676694816,2.171515834586852e-08
0.86,0.0001715632665327133,2.1445408316589164e-08
0.861,0.00016943207340792268,2.1179009175990335e-08
0.862,0.00016732735438931395,2.0915919298664245e-08
0.863,0.000165248780610259,2.0656097576282374e-08
0.864,0.00016319602728937568,2.039950341117196e-08
0.865,0.00016116877367978088,2.0146096709972612e-08
0.866,0.0001591667030189743,1.9895837877371787e-08
0.867,0.0001571895024793413,1.9648687809917663e-08
0.868,0.00015523686311927552,1.940460788990944e-08
0.869,0.00015330847983490396,1.9163559979362996e-08
0.87,0.00015140405131241488,1.892550641405186e-08
0.871,0.00014952327998097754,1.8690409997622192e-08
0.872,0.00014766587196624447,1.845823399578056e-08
0.873,0.00014583153704443493,1.8228942130554368e-08
0.874,0.00014401998859698512,1.800249857462314e-08
0.875,0.0001422309435657643,1.7778867945720538e-08
0.876,0.000140464122408847,1.7558015301105875e-08
0.877,0.0001387192490568323,1.7339906132104038e-08
0.878,0.00013699605086970947,1.7124506358713686e-08
0.879,0.00013529425859425565,1.6911782324281958e-08
0.88,0.00013361360632196527,1.6701700790245658e-08
0.881,0.00013195383144750194,1.6494228930937743e-08
0.882,0.00013031467462766417,1.628933432845802e-08
0.883,0.0001286958797408645,1.6086984967608063e-08
0.884,0.00012709719384710791,1.588714923088849e-08
0.885,0.0001255183671484714,1.5689795893558926e-08
0.886,0.00012395915295007094,1.5494894118758867e-08
0.887,0.00012241930762151555,1.5302413452689443e-08
0.888,0.00012089859055884027,1.5112323819855035e-08
0.889,0.00011939676414690968,1.4924595518363712e-08
0.89,0.00011791359372229187,1.4739199215286484e-08
0.891,0.00011644884753659023,1.455610594207378e-08
0.892,0.000115002296720233,1.4375287090029125e-08
0.893,0.0001135737152467125,1.4196714405839063e-08
0.894,0.00011216287989726662,1.4020359987158328e-08
0.895,0.00011076957022600203,1.3846196278250254e-08
0.896,0.00010939356852544771,1.3674196065680963e-08
0.897,0.00010803465979253822,1.3504332474067277e-08
0.898,0.00010669263169501974,1.3336578961877468e-08
0.899,0.00010536727453827126,1.3170909317283908e-08
0.9,0.00010405838123254096,1.3007297654067621e-08
0.901,0.00010276574726058667,1.2845718407573334e-08
0.902,0.0001014891706457202,1.2686146330715025e-08
0.903,0.00010022845192024862,1.2528556490031077e-08
0.904,9.898339409430577e-05,1.2372924261788221e-08
0.905,9.775380262507362e-05,1.2219225328134203e-08
0.906,9.653948538638329e-05,1.2067435673297911e-08
0.907,9.53402526386955e-05,1.1917531579836939e-08
0.908,9.415591699945396e-05,1.1769489624931745e-08
0.909,9.29862934138051e-05,1.1623286676725639e-08
0.91,9.18311991256844e-05,1.1478899890710551e-08
0.911,9.069045364925911e-05,1.1336306706157388e-08
0.912,8.956387874072752e-05,1.119548484259094e-08
0.913,8.845129837046845e-05,1.1056412296308557e-08
0.914,8.735253869553517e-05,1.0919067336941898e-08
0.915,8.626742803249335e-05,1.078342850406167e-08
0.916,8.519579683059391e-05,1.0649474603824239e-08
0.917,8.413747764528159e-05,1.0517184705660199e-08
0.918,8.309230511203036e-05,1.0386538139003795e-08
0.919,8.206011592050537e-05,1.0257514490063171e-08
0.92,8.104074878904568e-05,1.013009359863071e-08
0.921,8.003404443946284e-05,1.0004255554932855e-08
0.922,7.903984557215433e-05,9.879980696519292e-09
0.923,7.805799684152428e-05,9.757249605190536e-09
0.924,7.708834483171081e-05,9.636043103963851e-09
0.925,7.613073803261489e-05,9.51634225407686e-09
0.926,7.518502681622561e-05,9.398128352028202e-09
0.927,7.425106341324164e-05,9.281382926655204e-09
0.928,7.332870188998094e-05,9.166087736247618e-09
0.929,7.241779812557883e-05,9.052224765697354e-09
0.93,7.151820978946912e-05,8.939776223683641e-09
0.931,7.062979631914382e-05,8.828724539892978e-09
0.932,6.975241889819095e-05,8.71905236227387e-09
0.933,6.888594043460331e-05,8.610742554325413e-09
0.934,6.8030225539358e-05,8.50377819241975e-09
0.935,6.718514050526189e-05,8.398142563157735e-09
0.936,6.635055328605886e-05,8.293819160757357e-09
0.937,6.552633347579812e-05,8.190791684474765e-09
0.9380000000000001,6.471235228845734e-05,8.089044036057168e-09
0.9390000000000001,6.390848253781984e-05,7.98856031722748e-09
0.9400000000000001,6.311459861760178e-05,7.889324827200223e-09
0.9410000000000001,6.233057648182527e-05,7.791322060228159e-09
0.9420000000000001,6.15562936254367e-05,7.694536703179588e-09
0.9430000000000001,6.0791629065164354e-05,7.598953633145545e-09
0.9440000000000001,6.0036463320614865e-05,7.504557915076859e-09
0.9450000000000001,5.929067839560446e-05,7.411334799450558e-09
0.9460000000000001,5.855415775972108e-05,7.319269719965135e-09
0.9470000000000001,5.782678633011713e-05,7.228348291264641e-09
0.9480000000000001,5.710845045352666e-05,7.138556306690833e-09
0.9490000000000001,5.6399037888507707e-05,7.049879736063463e-09
0.9500000000000001,5.5698437787903566e-05,6.962304723487946e-09
0.9510000000000001,5.500654068152303e-05,6.8758175851903796e-09
0.9520000000000001,5.432323845903576e-05,6.79040480737947e-09
0.9530000000000001,5.364842435307911e-05,6.7060530441348884e-09
0.9540000000000001,5.298199292257629e-05,6.622749115322036e-09
0.9550000000000001,5.232384003626032e-05,6.5404800045325404e-09
0.9560000000000001,5.167386285640361e-05,6.459232857050451e-09
0.9570000000000001,5.1031959822749587e-05,6.378994977843698e-09
0.9580000000000001,5.039803063664311e-05,6.299753829580389e-09
0.9590000000000001,4.977197624535929e-05,6.221497030669912e-09
0.96,4.915369882662568e-05,6.14421235332821e-09
0.961,4.85431017733377e-05,6.067887721667213e-09
0.962,4.794008967846352e-05,5.99251120980794e-09
0.963,4.734456832013638e-05,5.9180710400170475e-09
0.964,4.6756444646932613e-05,5.8445555808665764e-09
0.965,4.617562676333158e-05,5.771953345416448e-09
0.966,4.560202391535744e-05,5.70025298941968e-09
0.967,4.503554647639811e-05,5.629443309549764e-09
0.968,4.447610593320117e-05,5.559513241650146e-09
0.969,4.3923614872043715e-05,5.490451859005465e-09
0.97,4.337798696507322e-05,5.422248370634153e-09
0.971,4.28391369568193e-05,5.354892119602412e-09
0.972,4.2306980650871784e-05,5.288372581358973e-09
0.973,4.178143489672512e-05,5.2226793620906395e-09
0.974,4.1262417576786116e-05,5.157802197098265e-09
0.975,4.0749847593542464e-05,5.0937309491928085e-09
0.976,4.0243644856891587e-05,5.030455607111449e-09
0.977,3.9743730271625854e-05,4.9679662839532315e-09
0.978,3.925002572507438e-05,4.9062532156342974e-09
0.979,3.876245407489724e-05,4.845306759362156e-09
0.98,3.828093913703207e-05,4.785117392129009e-09
0.981,3.7805405673790304e-05,4.725675709223788e-09
0.982,3.7335779382100694e-05,4.666972422762587e-09
0.983,3.6871986881899836e-05,4.60899836023748e-09
0.984,3.641395570466592e-05,4.55174446308324e-09
0.985,3.596161428209555e-05,4.495201785261944e-09
0.986,3.5514891934921306e-05,4.439361491865164e-09
0.987,3.5073718861867434e-05,4.3842148577334294e-09
0.988,3.4638026128743825e-05,4.329753266092978e-09
0.989,3.420774565767445e-05,4.275968207209306e-09
0.99,3.378281021646022e-05,4.2228512770575276e-09
0.991,3.336315340807403e-05,4.170394176009254e-09
0.992,3.2948709660285665e-05,4.118588707535708e-09
0.993,3.2539414215416444e-05,4.0674267769270555e-09
0.994,3.2135203120220327e-05,4.0169003900275405e-09
0.995,3.1736013215891274e-05,3.9670016519864095e-09
0.996,3.134178212819468e-05,3.917722766024335e-09
0.997,3.095244825772091e-05,3.869056032215114e-09
0.998,3.056795077026071e-05,3.8209938462825896e-09
0.999,3.0188229587299343e-05,3.773528698412418e-09
